{
  "config": {
    "run_name": "exp1_1_L2_K32",
    "out_dir": "./results",
    "seed": 42,
    "device": null,
    "bs_train": 50,
    "bs_test": 12,
    "batches": 10,
    "epochs": 10,
    "early_stopping": 5,
    "checkpoints": null,
    "lr": 0.001,
    "reg": 0.001,
    "filters_per_layer": [
      32,
      32
    ],
    "layers_per_block": 1,
    "pool_every": 1,
    "hidden_dims": [
      100
    ],
    "model_type": "resnet",
    "pooling_type": "max",
    "pooling_params": null,
    "kw": {}
  },
  "results": {
    "num_epochs": 10,
    "train_loss": [
      1.4825073028206825,
      1.1507518090605735,
      1.012486865758896,
      0.9149420794248581,
      0.832194581925869,
      0.7673653942644596,
      0.7150513190031051,
      0.6628256433606148,
      0.6251574412286282,
      0.5810935810208321
    ],
    "train_acc": [
      46.27,
      59.174,
      64.464,
      67.75,
      70.65,
      73.14,
      74.87,
      76.816,
      78.064,
      79.404
    ],
    "test_loss": [
      1.2597765218582657,
      1.120125037517479,
      1.0007614684548023,
      0.9831834489064251,
      0.9238237338743621,
      0.8936576978158322,
      0.8260997653150444,
      0.8429637222285036,
      0.8388379455970632,
      0.8437449910657869
    ],
    "test_acc": [
      54.54,
      60.05,
      63.56,
      64.9,
      67.18,
      68.61,
      71.2,
      71.18,
      71.04,
      71.49
    ]
  }
}