{
  "config": {
    "run_name": "exp1_2_L8_K32",
    "out_dir": "./results",
    "seed": 42,
    "device": null,
    "bs_train": 50,
    "bs_test": 12,
    "batches": 10,
    "epochs": 10,
    "early_stopping": 5,
    "checkpoints": null,
    "lr": 0.001,
    "reg": 0.001,
    "filters_per_layer": [
      32,
      32,
      32,
      32,
      32,
      32,
      32,
      32
    ],
    "layers_per_block": 1,
    "pool_every": 4,
    "hidden_dims": [
      100
    ],
    "model_type": "resnet",
    "pooling_type": "max",
    "pooling_params": null,
    "kw": {}
  },
  "results": {
    "num_epochs": 10,
    "train_loss": [
      1.6372090309858323,
      1.326288025200367,
      1.1708377887010575,
      1.059438287615776,
      0.9846101412177086,
      0.9154108596146107,
      0.8649621877968311,
      0.8097632668316365,
      0.7714028767049312,
      0.7270415805876255
    ],
    "train_acc": [
      40.268,
      51.962,
      58.132,
      62.322,
      65.008,
      67.418,
      69.384,
      71.41,
      72.66,
      74.434
    ],
    "test_loss": [
      1.4183868254117258,
      1.2006297512091606,
      1.1247001566546713,
      1.0324029875316207,
      1.0029473732665575,
      0.9412599799515818,
      0.9503422229231404,
      0.9736410210744368,
      0.8709517330092063,
      0.9090787832864182
    ],
    "test_acc": [
      47.2,
      57.23,
      59.06,
      63.16,
      64.26,
      67.24,
      66.7,
      66.27,
      69.21,
      68.3
    ]
  }
}