{
  "config": {
    "run_name": "exp1_2_L2_K128",
    "out_dir": "./results",
    "seed": 42,
    "device": null,
    "bs_train": 50,
    "bs_test": 12,
    "batches": 10,
    "epochs": 10,
    "early_stopping": 5,
    "checkpoints": null,
    "lr": 0.001,
    "reg": 0.001,
    "filters_per_layer": [
      128,
      128
    ],
    "layers_per_block": 1,
    "pool_every": 4,
    "hidden_dims": [
      100
    ],
    "model_type": "resnet",
    "pooling_type": "max",
    "pooling_params": null,
    "kw": {}
  },
  "results": {
    "num_epochs": 10,
    "train_loss": [
      2.3294569852352143,
      1.698057133436203,
      1.3428168849945068,
      1.140342565536499,
      1.00985575401783,
      0.9270081824064255,
      0.8466825706064701,
      0.778462428599596,
      0.7162460877001285,
      0.6593513303399086
    ],
    "train_acc": [
      10.45,
      37.562,
      51.078,
      59.24,
      64.12,
      67.084,
      70.182,
      72.596,
      74.69,
      76.658
    ],
    "test_loss": [
      2.1791245504248913,
      1.4716395990882847,
      1.2147034105422685,
      1.1478896786054547,
      1.1045853287088785,
      1.0279632054573054,
      1.0433528737234268,
      1.0672405334613877,
      1.036048079173056,
      1.1273086691896121
    ],
    "test_acc": [
      16.24,
      45.65,
      57.21,
      59.69,
      61.08,
      64.37,
      63.45,
      63.07,
      64.55,
      62.52
    ]
  }
}