{
  "config": {
    "run_name": "exp1_1_L8_K32",
    "out_dir": "./results",
    "seed": 42,
    "device": null,
    "bs_train": 50,
    "bs_test": 12,
    "batches": 10,
    "epochs": 10,
    "early_stopping": 5,
    "checkpoints": null,
    "lr": 0.001,
    "reg": 0.001,
    "filters_per_layer": [
      32,
      32,
      32,
      32,
      32,
      32,
      32,
      32
    ],
    "layers_per_block": 1,
    "pool_every": 2,
    "hidden_dims": [
      100
    ],
    "model_type": "resnet",
    "pooling_type": "max",
    "pooling_params": null,
    "kw": {}
  },
  "results": {
    "num_epochs": 10,
    "train_loss": [
      1.6345719465017319,
      1.2393778651952743,
      1.015105260491371,
      0.8885733032524585,
      0.8007876298129558,
      0.7379224045276642,
      0.6909750176370144,
      0.6465337298810482,
      0.6148058942258358,
      0.5875090725123883
    ],
    "train_acc": [
      40.1,
      55.844,
      64.212,
      68.798,
      72.014,
      74.13,
      75.76,
      77.17,
      78.308,
      79.41
    ],
    "test_loss": [
      1.3629067220705018,
      1.1212328482303116,
      0.9734440880606501,
      0.8946291168066237,
      0.8281531482041596,
      0.8394172081469203,
      0.731178821508976,
      0.716689935592796,
      0.7224557436645317,
      0.702053141702029
    ],
    "test_acc": [
      50.41,
      60.9,
      65.98,
      69.0,
      71.67,
      70.51,
      74.73,
      75.37,
      75.78,
      76.3
    ]
  }
}