{
  "config": {
    "run_name": "exp1_2_L8_K64",
    "out_dir": "./results",
    "seed": 42,
    "device": null,
    "bs_train": 50,
    "bs_test": 12,
    "batches": 10,
    "epochs": 10,
    "early_stopping": 5,
    "checkpoints": null,
    "lr": 0.001,
    "reg": 0.001,
    "filters_per_layer": [
      64,
      64,
      64,
      64,
      64,
      64,
      64,
      64
    ],
    "layers_per_block": 1,
    "pool_every": 4,
    "hidden_dims": [
      100
    ],
    "model_type": "resnet",
    "pooling_type": "max",
    "pooling_params": null,
    "kw": {}
  },
  "results": {
    "num_epochs": 10,
    "train_loss": [
      1.5212563582658767,
      1.1737283026576042,
      1.04122219568491,
      0.9367334845066071,
      0.8508452167212963,
      0.7788121689260006,
      0.7208035695254803,
      0.6743944687843323,
      0.628711852401495,
      0.5957774490267038
    ],
    "train_acc": [
      44.806,
      58.08,
      62.894,
      66.812,
      69.87,
      72.556,
      74.702,
      76.178,
      77.724,
      78.796
    ],
    "test_loss": [
      1.241145628140413,
      1.1478044795546887,
      1.0744703884462086,
      1.0009457402878241,
      0.884112277905718,
      0.9023700529794327,
      0.8317001228013056,
      0.8180614711640836,
      0.8460358454079794,
      0.8442880264985905
    ],
    "test_acc": [
      55.33,
      59.26,
      62.05,
      64.42,
      69.18,
      68.51,
      71.46,
      71.17,
      70.61,
      71.43
    ]
  }
}