{
  "config": {
    "run_name": "exp1_4_L8_K64",
    "out_dir": "./results",
    "seed": 42,
    "device": null,
    "bs_train": 50,
    "bs_test": 12,
    "batches": 10,
    "epochs": 10,
    "early_stopping": 5,
    "checkpoints": null,
    "lr": 0.001,
    "reg": 0.001,
    "filters_per_layer": [
      64,
      64,
      64,
      64,
      64,
      64,
      64,
      64
    ],
    "layers_per_block": 1,
    "pool_every": 2,
    "hidden_dims": [
      100
    ],
    "model_type": "resnet",
    "pooling_type": "max",
    "pooling_params": null,
    "kw": {}
  },
  "results": {
    "num_epochs": 10,
    "train_loss": [
      1.5742551383972168,
      1.1212227174043656,
      0.9112532429099083,
      0.800164040774107,
      0.7245883860588074,
      0.6690674650967121,
      0.6225713000297547,
      0.5891642236709594,
      0.5574256953001022,
      0.5340123799741268
    ],
    "train_acc": [
      42.408,
      59.842,
      67.828,
      71.986,
      74.544,
      76.618,
      78.142,
      79.46,
      80.488,
      81.248
    ],
    "test_loss": [
      1.2836088608923575,
      1.0241659759617538,
      0.8868566925326983,
      0.7941222674161982,
      0.7935771999581398,
      0.7785313063852792,
      0.7435333236015672,
      0.6825479005353985,
      0.7187272055561451,
      0.7452210420541626
    ],
    "test_acc": [
      53.53,
      64.34,
      68.55,
      72.89,
      72.98,
      73.09,
      74.41,
      76.61,
      75.32,
      74.22
    ]
  }
}