{
  "config": {
    "run_name": "exp1_1_L4_K32",
    "out_dir": "./results",
    "seed": 42,
    "device": null,
    "bs_train": 50,
    "bs_test": 12,
    "batches": 10,
    "epochs": 10,
    "early_stopping": 5,
    "checkpoints": null,
    "lr": 0.001,
    "reg": 0.001,
    "filters_per_layer": [
      32,
      32,
      32,
      32
    ],
    "layers_per_block": 1,
    "pool_every": 1,
    "hidden_dims": [
      100
    ],
    "model_type": "resnet",
    "pooling_type": "max",
    "pooling_params": null,
    "kw": {}
  },
  "results": {
    "num_epochs": 10,
    "train_loss": [
      1.5391518061757088,
      1.129104386806488,
      0.93047877445817,
      0.8173417586684227,
      0.7351508306264878,
      0.6755280506312847,
      0.6281898715794086,
      0.5911425983309746,
      0.566937967479229,
      0.5344071247428656
    ],
    "train_acc": [
      43.572,
      59.37,
      67.066,
      71.284,
      74.11,
      76.254,
      77.798,
      79.148,
      79.904,
      81.016
    ],
    "test_loss": [
      1.257805498276683,
      1.0431963289134223,
      0.9180674684419334,
      0.8492602767239658,
      0.8220678686255889,
      0.7404960889092309,
      0.8112221185287698,
      0.7505690530210519,
      0.7134466659304478,
      0.6839796008510912
    ],
    "test_acc": [
      54.71,
      63.23,
      68.56,
      70.98,
      72.16,
      74.63,
      72.81,
      74.64,
      75.26,
      76.77
    ]
  }
}