{
  "config": {
    "run_name": "exp1_2_L2_K64",
    "out_dir": "./results",
    "seed": 42,
    "device": null,
    "bs_train": 50,
    "bs_test": 12,
    "batches": 10,
    "epochs": 10,
    "early_stopping": 5,
    "checkpoints": null,
    "lr": 0.001,
    "reg": 0.001,
    "filters_per_layer": [
      64,
      64
    ],
    "layers_per_block": 1,
    "pool_every": 4,
    "hidden_dims": [
      100
    ],
    "model_type": "resnet",
    "pooling_type": "max",
    "pooling_params": null,
    "kw": {}
  },
  "results": {
    "num_epochs": 10,
    "train_loss": [
      1.4951206337809562,
      1.194873363316059,
      1.047940650820732,
      0.952227146834135,
      0.8806902921497822,
      0.8037701049745083,
      0.7465940051674843,
      0.6949709618985653,
      0.6381248191297054,
      0.5935292550772429
    ],
    "train_acc": [
      46.28,
      57.504,
      62.722,
      66.206,
      68.94,
      71.458,
      73.554,
      75.548,
      77.358,
      78.978
    ],
    "test_loss": [
      1.2750732036445924,
      1.1374925739473576,
      1.0313935759399149,
      1.051930836386246,
      0.9628658655414478,
      0.9542483360254221,
      0.9462672366494898,
      0.9528534501183519,
      0.9224917627960372,
      0.9299202241557394
    ],
    "test_acc": [
      53.97,
      59.29,
      63.36,
      62.96,
      66.17,
      66.45,
      67.01,
      66.99,
      68.12,
      67.96
    ]
  }
}