{
  "config": {
    "run_name": "exp1_2_L4_K64",
    "out_dir": "./results",
    "seed": 42,
    "device": null,
    "bs_train": 50,
    "bs_test": 12,
    "batches": 10,
    "epochs": 10,
    "early_stopping": 5,
    "checkpoints": null,
    "lr": 0.001,
    "reg": 0.001,
    "filters_per_layer": [
      64,
      64,
      64,
      64
    ],
    "layers_per_block": 1,
    "pool_every": 4,
    "hidden_dims": [
      100
    ],
    "model_type": "resnet",
    "pooling_type": "max",
    "pooling_params": null,
    "kw": {}
  },
  "results": {
    "num_epochs": 10,
    "train_loss": [
      1.5916873940229417,
      1.2176167065501213,
      1.0885470272302629,
      0.9984056240320206,
      0.9282872135043144,
      0.8603191728889942,
      0.8051084403693676,
      0.7540982227623463,
      0.7182424364686012,
      0.6839872662425042
    ],
    "train_acc": [
      42.384,
      56.704,
      61.18,
      64.374,
      67.198,
      69.624,
      71.596,
      73.208,
      74.58,
      75.788
    ],
    "test_loss": [
      1.2922438991655834,
      1.1915200523120895,
      1.108402836701567,
      0.9889592192084383,
      0.9499265898367484,
      0.8836361886464434,
      0.8674971574037481,
      0.8366715361495956,
      0.856707796508031,
      0.8614821629487067
    ],
    "test_acc": [
      53.14,
      57.14,
      60.9,
      65.02,
      65.98,
      69.3,
      69.49,
      70.81,
      70.09,
      70.01
    ]
  }
}