{
  "config": {
    "run_name": "exp1_5_L16_K64",
    "out_dir": "./results",
    "seed": 42,
    "device": null,
    "bs_train": 50,
    "bs_test": 12,
    "batches": 10,
    "epochs": 10,
    "early_stopping": 5,
    "checkpoints": null,
    "lr": 0.001,
    "reg": 0.001,
    "filters_per_layer": [
      64,
      64,
      64,
      64,
      64,
      64,
      64,
      64,
      64,
      64,
      64,
      64,
      64,
      64,
      64,
      64
    ],
    "layers_per_block": 1,
    "pool_every": 4,
    "hidden_dims": [
      100
    ],
    "model_type": "resnet",
    "pooling_type": "max",
    "pooling_params": null,
    "kw": {}
  },
  "results": {
    "num_epochs": 10,
    "train_loss": [
      1.6446133453845977,
      1.3198395113348962,
      1.1309846939444541,
      0.9981585733294487,
      0.9033321407735347,
      0.8373544637262821,
      0.7869809576570987,
      0.7351679430007935,
      0.6998495425581932,
      0.6711342403292656
    ],
    "train_acc": [
      39.694,
      52.416,
      59.926,
      64.63,
      67.924,
      70.488,
      72.312,
      74.094,
      75.502,
      76.426
    ],
    "test_loss": [
      1.4549159747090556,
      1.1959202138782976,
      1.067316427398071,
      0.9524175477185124,
      0.8883826947576708,
      0.9046324294784086,
      0.8554807581204019,
      0.8024387350953597,
      0.8020286629740283,
      0.73188310193358
    ],
    "test_acc": [
      47.22,
      57.52,
      62.04,
      66.97,
      69.11,
      68.43,
      69.7,
      71.97,
      72.04,
      74.53
    ]
  }
}