{
  "config": {
    "run_name": "exp1_1_L16_K32",
    "out_dir": "./results",
    "seed": 42,
    "device": null,
    "bs_train": 50,
    "bs_test": 12,
    "batches": 10,
    "epochs": 10,
    "early_stopping": 5,
    "checkpoints": null,
    "lr": 0.001,
    "reg": 0.001,
    "filters_per_layer": [
      32,
      32,
      32,
      32,
      32,
      32,
      32,
      32,
      32,
      32,
      32,
      32,
      32,
      32,
      32,
      32
    ],
    "layers_per_block": 1,
    "pool_every": 4,
    "hidden_dims": [
      100
    ],
    "model_type": "resnet",
    "pooling_type": "max",
    "pooling_params": null,
    "kw": {}
  },
  "results": {
    "num_epochs": 10,
    "train_loss": [
      1.7673311513662338,
      1.4113995443582534,
      1.2362682403326035,
      1.086923666238785,
      0.9969556756019592,
      0.9340514483451843,
      0.8865776478350162,
      0.8439536369442939,
      0.8045505441427231,
      0.7791437194943428
    ],
    "train_acc": [
      34.868,
      48.842,
      55.768,
      61.5,
      64.694,
      66.97,
      68.734,
      70.23,
      71.746,
      72.7
    ],
    "test_loss": [
      1.510320791237646,
      1.3187541104763818,
      1.1372631523463366,
      1.0408190631752106,
      0.9949733001008022,
      0.990261325340191,
      0.8967662088269238,
      0.8610273403979891,
      0.8580441771508407,
      0.8678020852075207
    ],
    "test_acc": [
      44.49,
      52.45,
      58.97,
      62.53,
      64.16,
      64.39,
      68.29,
      69.58,
      70.03,
      69.75
    ]
  }
}