{
  "config": {
    "run_name": "exp1_2_L4_K32",
    "out_dir": "./results",
    "seed": 42,
    "device": null,
    "bs_train": 50,
    "bs_test": 12,
    "batches": 10,
    "epochs": 10,
    "early_stopping": 5,
    "checkpoints": null,
    "lr": 0.001,
    "reg": 0.001,
    "filters_per_layer": [
      32,
      32,
      32,
      32
    ],
    "layers_per_block": 1,
    "pool_every": 4,
    "hidden_dims": [
      100
    ],
    "model_type": "resnet",
    "pooling_type": "max",
    "pooling_params": null,
    "kw": {}
  },
  "results": {
    "num_epochs": 10,
    "train_loss": [
      1.607478487253189,
      1.2871283348202704,
      1.148773463666439,
      1.0620083966851235,
      0.993408707678318,
      0.9382177669405937,
      0.8805449525713921,
      0.8368674396872521,
      0.7995578241348267,
      0.7677935425639153
    ],
    "train_acc": [
      41.862,
      53.96,
      59.134,
      62.22,
      64.596,
      66.734,
      68.592,
      70.29,
      71.554,
      72.724
    ],
    "test_loss": [
      1.4369029439896417,
      1.1892645124622958,
      1.186600940190345,
      1.0826352826482672,
      1.0052944775358092,
      0.9568776601938893,
      0.9556810498166142,
      0.9115668402033316,
      0.9203985961292573,
      0.9194388831798121
    ],
    "test_acc": [
      47.88,
      57.22,
      56.89,
      61.32,
      64.04,
      65.6,
      66.3,
      67.74,
      67.47,
      67.42
    ]
  }
}