{
  "config": {
    "run_name": "exp1_2_L4_K128",
    "out_dir": "./results",
    "seed": 42,
    "device": null,
    "bs_train": 50,
    "bs_test": 12,
    "batches": 10,
    "epochs": 10,
    "early_stopping": 5,
    "checkpoints": null,
    "lr": 0.001,
    "reg": 0.001,
    "filters_per_layer": [
      128,
      128,
      128,
      128
    ],
    "layers_per_block": 1,
    "pool_every": 4,
    "hidden_dims": [
      100
    ],
    "model_type": "resnet",
    "pooling_type": "max",
    "pooling_params": null,
    "kw": {}
  },
  "results": {
    "num_epochs": 10,
    "train_loss": [
      2.325475819826126,
      2.3027756061553957,
      1.8674817507266999,
      1.4057641929984093,
      1.2738667427301407,
      1.1720149685144425,
      1.1016716439127923,
      1.041522935092449,
      0.986379306614399,
      0.9468607129454613
    ],
    "train_acc": [
      9.854,
      9.754,
      30.414,
      49.308,
      54.526,
      58.278,
      60.926,
      63.284,
      65.09,
      66.858
    ],
    "test_loss": [
      2.3026444949120353,
      2.302635368969229,
      1.5009538734988344,
      1.3513786385385254,
      1.2691155351180252,
      1.196917957860789,
      1.1037103655598433,
      1.0783830548433377,
      1.011649811814586,
      0.9972104608512325
    ],
    "test_acc": [
      10.0,
      10.0,
      44.39,
      51.32,
      54.23,
      56.9,
      60.44,
      61.19,
      64.38,
      64.65
    ]
  }
}