{
  "config": {
    "run_name": "exp1_2_L2_K32",
    "out_dir": "./results",
    "seed": 42,
    "device": null,
    "bs_train": 50,
    "bs_test": 12,
    "batches": 10,
    "epochs": 10,
    "early_stopping": 5,
    "checkpoints": null,
    "lr": 0.001,
    "reg": 0.001,
    "filters_per_layer": [
      32,
      32
    ],
    "layers_per_block": 1,
    "pool_every": 4,
    "hidden_dims": [
      100
    ],
    "model_type": "resnet",
    "pooling_type": "max",
    "pooling_params": null,
    "kw": {}
  },
  "results": {
    "num_epochs": 10,
    "train_loss": [
      1.5149538871049881,
      1.225495443224907,
      1.1142957947850227,
      1.0400294484496118,
      0.9771296404600144,
      0.9211235518157482,
      0.8705957949459553,
      0.8324214783608913,
      0.7779441689252853,
      0.7376201440095902
    ],
    "train_acc": [
      45.016,
      55.952,
      60.352,
      62.978,
      65.122,
      67.46,
      69.112,
      70.434,
      72.466,
      74.068
    ],
    "test_loss": [
      1.3379048828026658,
      1.2507426635109835,
      1.1359414386091757,
      1.1071128895600064,
      1.0474999297579988,
      0.9857636520402323,
      0.9748962466522373,
      0.9461291660186198,
      0.9789939539180957,
      0.9508957520520372
    ],
    "test_acc": [
      52.36,
      54.83,
      58.7,
      60.17,
      62.5,
      64.77,
      65.9,
      66.5,
      66.59,
      66.75
    ]
  }
}